RankingFuncionPesos,ndcg
rank0,0.8541753764718581
rank1,0.8574176303123439
rank2,0.8483975216830559
rank3,0.9569445916781542
